{"frameRate":12,"textureGroups":[{"atlases":[{"textures":[{"origin":[80.9,171.35],"rect":[1,1,204,336],"symbol":"patchRun_flipbook_6"},{"origin":[86.4,177.85],"rect":[207,1,199,335],"symbol":"patchRun_flipbook_0"},{"origin":[64.35,196.5],"rect":[408,1,199,325],"symbol":"patchRun_flipbook_7"},{"origin":[64.35,198],"rect":[609,1,192,320],"symbol":"patchRun_flipbook_1"},{"origin":[66.45,174.95],"rect":[803,1,172,345],"symbol":"patchRun_flipbook_4"},{"origin":[67,162.85],"rect":[609,323,170,331],"symbol":"patchRun_flipbook_10"},{"origin":[44,205.3],"rect":[408,328,147,374],"symbol":"patchRun_flipbook_3"},{"origin":[44,205.3],"rect":[207,338,147,373],"symbol":"patchRun_flipbook_9"},{"origin":[108.05,108.55],"rect":[1,339,163,256],"symbol":"patchDie_flipbook_1"},{"origin":[115.05,132.45],"rect":[781,348,146,280],"symbol":"patchDie_flipbook_0"},{"origin":[111.65,68.75],"rect":[1,597,172,219],"symbol":"patchDie_flipbook_2"},{"origin":[109.65,38.2],"rect":[781,630,178,189],"symbol":"patchDie_flipbook_3"},{"origin":[113.75,0],"rect":[557,656,193,151],"symbol":"patchDie_flipbook_5"},{"origin":[113.75,-4.35],"rect":[356,704,198,146],"symbol":"patchDie_flipbook_6"},{"origin":[108.8,0.05],"rect":[556,809,180,151],"symbol":"patchDie_flipbook_4"},{"origin":[113.75,-48.85],"rect":[1,818,198,102],"symbol":"patchDie_flipbook_7"},{"origin":[113.75,-87.1],"rect":[738,821,226,64],"symbol":"patchDie_flipbook_9"},{"origin":[113.75,-87.1],"rect":[201,852,212,64],"symbol":"patchDie_flipbook_8"}],"file":"atlas0.png"}],"scaleFactor":1}],"md5":"c5d3862470f87ce5992aa967cca1a880","movies":[{"layers":[{"flipbook":true,"keyframes":[{"pivot":[115.05,132.45],"ref":"patchDie_flipbook_0","index":0,"duration":1,"tweened":false},{"pivot":[108.05,108.55],"ref":"patchDie_flipbook_1","index":1,"duration":1,"tweened":false},{"pivot":[111.65,68.75],"ref":"patchDie_flipbook_2","index":2,"duration":1,"tweened":false},{"pivot":[109.65,38.2],"ref":"patchDie_flipbook_3","index":3,"duration":1,"tweened":false},{"pivot":[108.8,0.05],"ref":"patchDie_flipbook_4","index":4,"duration":1,"tweened":false},{"pivot":[113.75,0],"ref":"patchDie_flipbook_5","index":5,"duration":1,"tweened":false},{"pivot":[113.75,-4.35],"ref":"patchDie_flipbook_6","index":6,"duration":1,"tweened":false},{"pivot":[113.75,-48.85],"ref":"patchDie_flipbook_7","index":7,"duration":1,"tweened":false},{"pivot":[113.75,-87.1],"ref":"patchDie_flipbook_8","index":8,"duration":1,"tweened":false},{"pivot":[113.75,-87.1],"ref":"patchDie_flipbook_9","index":9,"duration":1,"tweened":false}],"name":"flipbook"}],"id":"patchDie"},{"layers":[{"flipbook":true,"keyframes":[{"pivot":[86.4,177.85],"ref":"patchRun_flipbook_0","index":0,"duration":1,"tweened":false},{"pivot":[64.35,198],"ref":"patchRun_flipbook_1","index":1,"duration":2,"tweened":false},{"pivot":[44,205.3],"ref":"patchRun_flipbook_3","index":3,"duration":1,"tweened":false},{"pivot":[66.45,174.95],"ref":"patchRun_flipbook_4","index":4,"duration":2,"tweened":false},{"pivot":[80.9,171.35],"ref":"patchRun_flipbook_6","index":6,"duration":1,"tweened":false},{"pivot":[64.35,196.5],"ref":"patchRun_flipbook_7","index":7,"duration":2,"tweened":false},{"pivot":[44,205.3],"ref":"patchRun_flipbook_9","index":9,"duration":1,"tweened":false},{"pivot":[67,162.85],"ref":"patchRun_flipbook_10","index":10,"duration":2,"tweened":false}],"name":"flipbook"}],"id":"patchRun"}]}